Category;Business Name;Opinions;TrustPilot Score;Subcategories;Adress;City;ZipCode
Animales y mascotas;Miwuki Seguro Veterinario;334;4,9;"Seguros para animales domésticos
Veterinario/a";;;
Animales y mascotas;Husse España Centro;254;4,9;"Tienda de suministros para mascotas
Tienda de alimentos para animales
Servicio de montar a caballo";C/ Laguna del Marquesado Nº 42-J;Madrid;28021
Animales y mascotas;Happets.com;1789;4,8;"Tienda de alimentos para animales
Tienda de suministros para mascotas";;;
Animales y mascotas;Dogfy Diet;1204;4,8;Tienda de alimentos para animales;Calle Edison 15;08754;El Papiol
Animales y mascotas;Todomascota.es;803;4,8;"Tienda de animales
Tienda de alimentos para animales
Tienda de suministros para mascotas";C/ Llevant, n2;Torrefarrera;25123
Animales y mascotas;Naturalpetshop;559;4,8;"Tienda de suministros para mascotas
Tienda de animales";Calle García Sangüesa 7;Benicàssim;12560
Animales y mascotas;Natural Treats;310;4,8;Tienda de alimentos para animales;Carrer de sa Madona;Calvia;07183
Animales y mascotas;onlyfresh.com;199;4,8;Tienda de animales;;Madrid;28500
Animales y mascotas;Crazypet Mascotas;845;4,7;"Tienda de alimentos para animales
Tienda de animales
Tienda de suministros para mascotas";C.C. Carrefour Móstoles. Carretera N-V, Km. 19.  ;Móstoles.;28935
Animales y mascotas;Patasbox;640;4,7;"Tienda de suministros para mascotas
Tienda de animales";Carrer Marina Real Juan Carlos I;Valencia;46024
Animales y mascotas;Mascoweb;610;4,7;Tienda de suministros para mascotas;PASEO MORELLA 110;CASTELLÓN;12004
Animales y mascotas;Frankie the king;174;4,7;"Tienda de suministros para mascotas
Comida a domicilio";;;
Animales y mascotas;Pamipe;152;4,7;Tienda de suministros para mascotas;;;
Animales y mascotas;Mascotaencasa;124;4,7;Animales y mascotas;;;
Animales y mascotas;Pawit;81;4,7;Tienda de alimentos para animales;;;
Animales y mascotas;Wild Balance - Mascotas Felices;72;4,7;Tienda de alimentos para animales;Calle San Vicente Martir, 135;Valencia;46007
Animales y mascotas;Foodforjoe;61;4,7;Tienda de animales;Av Diagonal 429, P3;Barcelona;08036
Animales y mascotas;Surprise My Cat;48;4,7;"Tienda de animales
Tienda de regalos
Tienda de suministros para mascotas";Av. Gran Vía de les Corts Catalanes 1052;Barcelona;08020
Animales y mascotas;Virbac España;44;4,6;Tienda de alimentos para animales;C/ Àngel Guimerà 179-181;Esplugues de Llobregat (Barcelona);08950
Animales y mascotas;Feligos Boutique;29;4,6;Tienda de alimentos para animales;Rambla de Volart 96;Barcelona;08041
Belleza y bienestar;Ankö Biocare;249;4,9;Tienda de cosméticos;Port de la Selva 1;Llançà;17490
Belleza y bienestar;Nordic Oil;227;4,9;"Servicio de fitness y nutrición
Herboristería";;;
Belleza y bienestar;SmileDirectClub - Spain;207;4,9;Tienda de salud y belleza;;;
Belleza y bienestar;InnerCamp;144;4,9;"Centro de retiros de yoga
Centro de meditación
Programa de bienestar";Via Laietana, 38;Barcelona;08003
Belleza y bienestar;Arlés Biocosmetics España;92;4,9;Tienda de artículos para el cuidado personal;calle muladies 2;Malaga;29010
Belleza y bienestar;Alma Brows;85;4,9;Salón de belleza;Travessera de Grácia, 98;Barcelona;08012
Belleza y bienestar;Simplysupplements España;4508;4,8;Servicio de fitness y nutrición;Simply Supplements, PO Box 1330;Peterborough;PE2 2PW
Belleza y bienestar;Pharma Nord Spain;1185;4,8;Tienda de vitaminas y suplementos;Dublín,8 Pl Cova Solera;Rubí (Barcelona);08191
Belleza y bienestar;FARMAFY;616;4,8;"Farmacia online
Tienda de cosméticos
Tienda de salud y belleza
Tienda de vitaminas y suplementos";Calle de Claudio Coello 53;Madrid;28001
Belleza y bienestar;Hempire Gardens;187;4,8;"Tienda de cannabis
Herbolario
Tienda de hierbas
Mayorista";;;
Belleza y bienestar;Pepa Navarro Centro de Estética Avanzada;105;4,8;"Tienda de cosméticos
Salón de belleza
Tienda de salud y belleza
Maquillador/a
Salón de manicura
Centro de bienestar";Fray junipero Serra 83;Valencia;46014
Belleza y bienestar;Paide mascarillas;76;4,8;Tienda de artículos para el cuidado personal;C/ Gramil nº25, Nave 1.;Sevilla;41008
Belleza y bienestar;Uperform;68;4,8;Tienda de vitaminas y suplementos;Calle Perla, 1. Bajo.;Murcia;30007
Belleza y bienestar;DIVAIN ESPAÑA;8938;4,7;Perfumería;Ctra. Astorga-Pi 34;San Justo de la Vega;24710
Belleza y bienestar;Cocunat;4332;4,7;Tienda de cosméticos;Carrer de Santa Teresa 6;Barcelona;08012
Belleza y bienestar;Treated.com Spain;1111;4,7;Belleza y bienestar;Airport - Senningerberg 5, rue Heienhaff;Senningerberg;L-1736
Belleza y bienestar;Perfumarte;565;4,7;"Perfumería
Fabricante de productos cosméticos";Pol. Industrial de Picassent, Calle Cinco nº20;Picassent;46229
Belleza y bienestar;Ibero SARMs;470;4,7;Tienda de vitaminas y suplementos;Via Sergia 65;Mataró;08302
Belleza y bienestar;Yo soy Venus;374;4,7;"Tienda de artículos de belleza
Tienda de cosméticos";;;
Belleza y bienestar;Ibizaloe;275;4,7;Tienda de cosméticos;Avenida de Portmany 84;Ibiza;07820
Casa y jardín;Gothic-Zone;540;4,9;"Tienda de ropa
Tienda de bolsos
Tienda de decoración e interiorismo
Tienda de accesorios de moda";Calle Somera, 18;Bilbao;48005
Casa y jardín;Papelería Librería Arte;496;4,9;"Papelería
Librería
Tienda de artesanías
Tienda de juegos
Tienda de hobbies
Tienda de suministros para oficinas";Plaza de las Delicias,15;La Carolina;23200
Casa y jardín;SCHARLAU;266;4,9;"Tienda de productos de cuero
Tienda de bolsos y equipaje";Carrer Gato Pérez 33 P.L. Mas d'en Cisa ;Sentmenat;08181
Casa y jardín;Gigislab;136;4,9;"Papelería
Tienda de hobbies
Tienda de scrapbooking";PENYAGOLOSA 7, 3 C;VILA-REAL;12540
Casa y jardín;Colchonería F.J;111;4,9;"Colchonería
Tienda de muebles para dormitorio
Tienda de colchones";Carrer de Floridablanca 45;Badalona;08914
Casa y jardín;Dferreteria;110;4,9;Ferretería;;;
Casa y jardín;Alimaq;102;4,9;"Tienda de suministros para restaurantes
Tienda de electrodomésticos
Tienda de mobiliario para bares y restaurantes
Tienda de artículos para hotel
Tienda de mobiliario para supermercados y comercios";;;
Casa y jardín;Alsi Iluminacio;100;4,9;Tienda de iluminación;Av. Rei en Jaume, 59;Cardedeu;08440
Casa y jardín;RugVista;2665;4,8;Diseñador de interiores;Ringugnsgatan 11;Malmö;216 16
Casa y jardín;Alaplancha by Simogas;523;4,8;Tienda de parrillas;Crom, 5;Hospitalet de Llobregat;08907
Casa y jardín;Designer Exchange España;507;4,8;"Tienda de objetos de segunda mano
Tienda de bolsos de mano";Calle de Lagasca 39;Madrid;28001
Casa y jardín;Pieles del sol;408;4,8;Fabricante de alfombras;Calle Técnica, 77;Sant Andreu de la Barca;08740
Casa y jardín;AgroGardening;397;4,8;"Servicios de paisajismo y jardinería
Tienda agrícola
Vivero
Tienda de artículos para el hogar
Tienda para la reforma del hogar
Tienda de herramientas";Ctra. Valencia, 1-3;Cuenca;16004
Casa y jardín;Barcelonaled;377;4,8;Tienda de iluminación;;;
Casa y jardín;BLAINE Box;371;4,8;"Decorador
Envío de flores
Diseñador floral";Ronda del Guinardó, 209;Barcelona;08041
Casa y jardín;GP Murillo SL;359;4,8;Tienda para la reforma del hogar;C/ Emilio Ferrari, 34;Madrid;28017
Casa y jardín;Aprilplants;322;4,8;"Servicio de plantas de interior
Floristería
Tienda de arreglos de plantas
Vivero de plantas";c/ Gran via de les Corts Catalanes 727;Barcelona;08013
Casa y jardín;Thebaggingco;236;4,8;"Tienda de bolsos
Tienda de bolsos de mano
Tienda de productos de cuero";;;
Casa y jardín;Todolampara;177;4,8;Tienda de decoración e interiorismo;Ctra. Granada-Armilla, Parque Albán Edf. Sánchez – Planta Inferior;Granada;18100
Casa y jardín;Carpet Avenue;152;4,8;Tienda de moquetas;Bargkoppelweg 64;Hamburg;22145
Comida, bebida y tabaco;Comprar Kefir .com;490;4,9;"Tienda de comida sana
Tienda de alimentos naturales
Tienda de alimentos orgánicos
Tienda de productos orgánicos";;;
Comida, bebida y tabaco;Fast Buds (FastBuds);2799;4,8;Comida, bebida y tabaco;C/ PERILL 43;Barcelona;08012
Comida, bebida y tabaco;San Jamón;1057;4,8;Tienda de vinos;Calle del Propano, 40;Valladolid;47012
Comida, bebida y tabaco;Incapto Coffee;495;4,8;Tienda de café;Carrer de la Llacuna, 162-164 (Barcelona Activa);Barcelona;08018 
Comida, bebida y tabaco;La Cocreta;419;4,8;Comida, bebida y tabaco;;;
Comida, bebida y tabaco;AgroGardening;397;4,8;"Servicios de paisajismo y jardinería
Tienda agrícola
Vivero
Tienda de artículos para el hogar
Tienda para la reforma del hogar
Tienda de herramientas";Ctra. Valencia, 1-3;Cuenca;16004
Comida, bebida y tabaco;Cervezascanallas;350;4,8;Almacén de cerveza;;Elche;03202
Comida, bebida y tabaco;Hempire Gardens;187;4,8;"Tienda de cannabis
Herbolario
Tienda de hierbas
Mayorista";;;
Comida, bebida y tabaco;Spainiberico;181;4,8;"Servicio de entrega de comestibles
Charcutería
Fiambrería
Tienda de jamón curado
Tienda de jamones
Tienda de vinos";Tomás Luis de Victoria 6.;Avila;05001
Comida, bebida y tabaco;Teinfusionas;129;4,8;Establecimiento de café;Bº las tiendas 1A;Igollo de Camargo;39608
Comida, bebida y tabaco;Wine Shop Lanzarote;109;4,8;Tienda de vinos;Calle Salinas 35, Pta 3;Tias;35510
Comida, bebida y tabaco;La Fabrica de Oro Beer;61;4,8;Tienda de bebidas alcohólicas;Polígono Industrial Los Llanos de San Pedro;El Espinar;40400
Comida, bebida y tabaco;Vapo;3780;4,7;Tienda de cigarrillos electrónicos;Calle Alcalá, 454, tienda Vapo;Madrid;28027
Comida, bebida y tabaco;Jamones Nevadensis;725;4,7;Fabricante de alimentos;Calle Carretera 48;Trevélez;18417
Comida, bebida y tabaco;decapote.com;364;4,7;Comida, bebida y tabaco;CARRETERA N1 – KM32,200;MADRID; 28750, SAN AGUSTIN DEL GUADALIX
Comida, bebida y tabaco;Jamón Alba Romero;250;4,7;"Fabricante de alimentos
Tienda de jamones";Calle Jabugo, 1;Cala;21270
Comida, bebida y tabaco;Bebedistinto;191;4,7;Club de vino;;;
Comida, bebida y tabaco;Frankie the king;174;4,7;"Tienda de suministros para mascotas
Comida a domicilio";;;
Comida, bebida y tabaco;El mercat online;88;4,7;"Tienda de frutas y verduras
Granja orgánica
Tienda de alimentos orgánicos";Infant Marti;Terrassa;08224
Comida, bebida y tabaco;ONLYCBDFANS SL;57;4,7;"Tienda de cannabis
Herbolario
Tienda de hierbas
Clínica del sueño
Tienda de artículos para el cuidado personal
Estudio de yoga";Carrer del Campament;Benimamet;46035 
Compras y moda;Etxeondo;877;4,9;"Fabricante de ropa y elementos deportivos
Tienda de ropa deportiva";Calle Laskibar Bailara, 3;Irura;20271
Compras y moda;Gothic-Zone;540;4,9;"Tienda de ropa
Tienda de bolsos
Tienda de decoración e interiorismo
Tienda de accesorios de moda";Calle Somera, 18;Bilbao;48005
Compras y moda;CD Barcelona;513;4,9;Relojería;Passeig de Gràcia 97 (Principal, 1);Barcelona;08008
Compras y moda;SCHARLAU;266;4,9;"Tienda de productos de cuero
Tienda de bolsos y equipaje";Carrer Gato Pérez 33 P.L. Mas d'en Cisa ;Sentmenat;08181
Compras y moda;HANDMADE BARCELONA;198;4,9;Tienda de accesorios de moda;;;
Compras y moda;Lagranzapateria;174;4,9;Zapatería;Ctra. Navaleno nº 13;Canicosa de la Sierra;09692
Compras y moda;Turelojya.com;123;4,9;Relojería;Calle Aragon nº 228 2º 2ª;Barcelona;08007
Compras y moda;SVD - sivasdescalzo;4222;4,8;"Zapatería
Tienda de ropa
Tienda de accesorios de moda";Calle Maracaibo 5;Barcelona;08030
Compras y moda;Chrono24;3321;4,8;Relojería;Haid-und-Neu-Straße 18;Karlsruhe;76131
Compras y moda;HelpMyCash.com;1139;4,8;Sitio de comparación de precios;Av/ Diagonal 449;Barcelona;08036
Compras y moda;Trusted Shops España;616;4,8;Compras y moda;First Street 25;Cambridge;02141
Compras y moda;Designer Exchange España;507;4,8;"Tienda de objetos de segunda mano
Tienda de bolsos de mano";Calle de Lagasca 39;Madrid;28001
Compras y moda;Geneve Company;378;4,8;"Relojería
Joyería";Boulevard Faro Shopping Center;Canary Islands;35100
Compras y moda;Thebaggingco;236;4,8;"Tienda de bolsos
Tienda de bolsos de mano
Tienda de productos de cuero";;;
Compras y moda;Pampling;200;4,8;"Tienda de camisetas
Mercado de ropa
Tienda de camisetas personalizadas
Empresa de camisetas";Calle Pedro Muñoz Torres Nave 7;Sevilla;41006
Compras y moda;FILLOS DO MAR ;167;4,8;Tienda de ropa;Fragosiño, 11;Vigo;36214
Compras y moda;Jerseys Navideños;163;4,8;"Tienda de ropa
Tienda de ropa infantil
Lencería
Tienda de ropa para hombres
Tienda de ropa de invierno
Tienda de ropa para mujeres";Plaza Castilla 3;Madrid;28046
Compras y moda;Pelota Padel;132;4,8;"Tienda de deportes
Tienda de ropa deportiva
Tienda de insumos para tenis";;;
Compras y moda;secretandyou;132;4,8;Joyería;;;
Compras y moda;Korean Beauty Shop;128;4,8;Mercado online;Calle Ballesta 1;Madrid;28004
Construcción y fabricación;Cftsolutions;227;4,9;"Compañía de software
Institución educativa
Ingeniero de nanotecnología";;;
Construcción y fabricación;AgroGardening;397;4,8;"Servicios de paisajismo y jardinería
Tienda agrícola
Vivero
Tienda de artículos para el hogar
Tienda para la reforma del hogar
Tienda de herramientas";Ctra. Valencia, 1-3;Cuenca;16004
Construcción y fabricación;Deyute;118;4,8;"Mayorista textil
Fabricante de productos textiles
Fabricante
Tejeduría";Pol. Ind. Cachapets, Calle Altea 68;Crevillente;03330
Construcción y fabricación;RUBI;485;4,7;Fabricante de herramientas;Av. Olimpiades, 89-91;Rubí;08191
Construcción y fabricación;Piscival;55;4,7;"Contratista de piscinas
Servicio de limpieza de piscinas
Servicio de reparación de piscinas";Av. Alacant, 1;Alcasser (Valencia);46220
Construcción y fabricación;RF AECO COMPETENCE CENTER;84;4,6;"Centro de formación
Diseño arquitectónico";Castillo de Aroche, 2, planta -1;Sevilla;41013
Construcción y fabricación;Sigma Spain;51;4,6;"Tienda de herramientas
Tienda de maquinaria y equipamiento para la construcción
Fabricante de herramientas";;;
Construcción y fabricación;Rotopino.es;74;4,5;"Tienda de herramientas
Tienda de hágalo usted mismo
Vivero
Tienda para la reforma del hogar";;;
Construcción y fabricación;Trendhim;1784;4,4;"Tienda de bolsos y equipaje
Tienda de accesorios de moda
Joyería
Tienda de productos de cuero
Tienda de ropa para hombres
Tienda de ropa de seguridad y de trabajo
Tienda de gafas de sol
Relojería";;;
Construcción y fabricación;FAIN Ascensores;946;4,4;"Servicio de ascensores
Fabricante de ascensores";Calle doctor esquerdo 57;Madrid;28007
Construcción y fabricación;PINECA MADERA AV, S.L.;80;4,4;Empresa de construcción;CALLE BALMES, 173, 4º 2ª ;BARCELONA;08006
Construcción y fabricación;Tilefly;29;4,4;Tienda de materiales para la construcción;;;
Construcción y fabricación;gasfriocalor.com;156;4,2;"Proveedor de equipos de calefacción
Tienda especializada en aire acondicionado
Proveedor de sistemas de aire acondicionado
Proveedor de calderas";Calle Alenza, 1;Madrid;28003
Construcción y fabricación;Groupsumi;256;4,1;"Tienda de suministros eléctricos
Tienda de artículos para el hogar
Tienda para la reforma del hogar
Tienda de insumos para plomería / fontanería";;;
Construcción y fabricación;Orion91;759;4;"Tienda de decoración e interiorismo
Ferretería
Tienda de artículos para el hogar
Tienda de patinetas
Tienda de herramientas y troqueles
Tienda de herramientas";Calle la Estación, Pol. Ind. Casals, 8;Xeresa (Valencia);46790
Construcción y fabricación;SCS Sentinel;134;4;Construcción y fabricación;;Les Landes Génusson;85130
Construcción y fabricación;efectoLED;2125;3,9;"Tienda de iluminación
Proveedor de equipamiento eléctrico";;;
Construcción y fabricación;habitissimo;51;3,9;"Remodelador
Arquitecto
Remodelador de baños
Servicio de limpieza
Remodelador de cocinas
Decorador";Edificio Blue, Parcbit, Carrer Rita Levi, s/n, Palma, Illes Balears;Palma de Mallorca;07120
Construcción y fabricación;Multihelpers;89;3,3;Mantenimiento de viviendas;;;
Construcción y fabricación;Cftsolutions;227;4,9;"Compañía de software
Institución educativa
Ingeniero de nanotecnología";;;
Construcción y fabricación;Lupain Tenerife Estate Agents;113;4,9;"Agencia inmobiliaria
Agencia de bienes raíces comerciales
Tasador de bienes inmuebles
Agencia inmobiliaria industrial";Edificio Cristian Sur, Av. de Amsterdam No. 4, ;Santa Cruz de Tenerife;38650
Construcción y fabricación;AgroGardening;397;4,8;"Servicios de paisajismo y jardinería
Tienda agrícola
Vivero
Tienda de artículos para el hogar
Tienda para la reforma del hogar
Tienda de herramientas";Ctra. Valencia, 1-3;Cuenca;16004
Construcción y fabricación;Deyute;118;4,8;"Mayorista textil
Fabricante de productos textiles
Fabricante
Tejeduría";Pol. Ind. Cachapets, Calle Altea 68;Crevillente;03330
Construcción y fabricación;Welcome Home - Letting and management in London;47;4,8;"Agencia inmobiliaria
Inversiones inmobiliarias
Mantenimiento de viviendas
Compañía de administración de propiedades";146 Strand;London;WC2R 1JD
Construcción y fabricación;FeroxAdv Enterprise SL;39;4,8;"Institución financiera
Servicio de asesoramiento crediticio
Agencia inmobiliaria industrial";Sport 30 ;Sant Andreu de la barca ;08740
Construcción y fabricación;RUBI;485;4,7;Fabricante de herramientas;Av. Olimpiades, 89-91;Rubí;08191
Construcción y fabricación;Passiontec;145;4,7;Tienda de herramientas;;;
Construcción y fabricación;Piscival;55;4,7;"Contratista de piscinas
Servicio de limpieza de piscinas
Servicio de reparación de piscinas";Av. Alacant, 1;Alcasser (Valencia);46220
Construcción y fabricación;Kioner;41;4,7;Maderera;Ronda Vall d'Uixó, 125 - Nave 29;Elche;03206
Construcción y fabricación;Sukhi;39;4,7;Arquitecto;;;
Construcción y fabricación;Digishopes;25;4,7;"Tienda de videojuegos
Centro de entretenimiento
Servicio de diseño";;;
Construcción y fabricación;RF AECO COMPETENCE CENTER;84;4,6;"Centro de formación
Diseño arquitectónico";Castillo de Aroche, 2, planta -1;Sevilla;41013
Construcción y fabricación;Experiencia Natural;70;4,6;"Proveedor de semillas
Tienda de cannabis
Proveedor de fertilizantes
Proveedor de equipos para cultivos hidropónicos";Rúa Cabeza de Manzaneda 17;Ourense;32005
Construcción y fabricación;SMARTSELL;54;4,6;"Agencia inmobiliaria industrial
Abogado especializado en transacciones inmobiliarias";Carrer de València, 353;barcelona;08009
Construcción y fabricación;Sigma Spain;51;4,6;"Tienda de herramientas
Tienda de maquinaria y equipamiento para la construcción
Fabricante de herramientas";;;
Construcción y fabricación;Hobnob;18;4,6;"Servicio de diseño
Tienda de decoración e interiorismo
Tienda de productos orgánicos";;;
Construcción y fabricación;dormity.com;236;4,5;"Tienda de colchones
Tienda de muebles para dormitorio
Fábrica de muebles
Tienda de muebles
Fabricante
Colchonería";Carrer Compositor Schumann;Rubí;08191
Construcción y fabricación;Rotopino.es;74;4,5;"Tienda de herramientas
Tienda de hágalo usted mismo
Vivero
Tienda para la reforma del hogar";;;
Construcción y fabricación;Belty;23;4,5;"Tienda de ropa de talles grandes
Fabricante de ropa y tejidos
Tienda de ropa
Tienda de ropa para hombres
Tienda de ropa para mujeres
Tienda de ropa juvenil";Parque Tecnológico Y logístico Valladares, Calle C;Vigo;36201
Deportes;Fred's Cycling Obsession;1230;4,9;"Ciclismo en ruta
Club de ciclismo
Tienda de artículos para deportes al aire libre";Villaviciosa de Odón, Madrid. España;Madrid;28670
Deportes;EDgun Shop;300;4,9;"Tienda de suministros para armas de aire comprimido
Tienda de hobbies
Área para eventos de tiro";;;
Deportes;Aquafunboards;259;4,9;Tienda de artículos para deportes al aire libre;Carrer Òptica, 7;Castellbisbal;08755
Deportes;Wind Paradise;224;4,9;"Tienda de surf
Tienda de skateboarding
Tienda de windsurf";c/ Les Corts 23;Cabrera de Mar;08349
Deportes;eMotion Running;147;4,9;"Tienda de artículos para correr
Tienda de artículos para deportes al aire libre";Calle Jose Saramago 7;Sevilla;41013
Deportes;Boutique Motos;912;4,8;Tienda de deportes de motor;Calle Hermanos Lumière 9-11;Málaga;29004
Deportes;Ironland;410;4,8;Tienda de deportes;C/ Argualas 6;Zaragoza;50012
Deportes;Bicicubiertas;352;4,8;Tienda de artículos para deportes al aire libre;;;
Deportes;ENDUROLEON;308;4,8;Tienda de deportes de motor;C/ Marqués de Santa María del Villar 16 BJ;León;24007
Deportes;Xrcbike;267;4,8;"Tienda de bicicletas
Tienda de equipos para fitness
Ciclismo en ruta";C/ Peinado, 42 local 1;Málaga;29014
Deportes;Alex Pastor Kite Club;188;4,8;"Tienda de navegación a vela
Tienda de hobbies";Mar Adriatico 24;Tarifa;11380
Deportes;Pelota Padel;132;4,8;"Tienda de deportes
Tienda de ropa deportiva
Tienda de insumos para tenis";;;
Deportes;Amigos Skate Shop;67;4,8;Tienda de skateboarding;C/ Doctor Dou 16;Barcelona;08001
Deportes;flowandgrow Mental-Coaching S.L.;45;4,8;Entrenador/a de tenis;Conjunto residencial Mijas Beach A11;Mijas;29649 
Deportes;Streetprorunning;9554;4,7;"Tienda de artículos para correr
Tienda de ropa deportiva
Tienda de calzados
Tienda de ropa
Tienda de ropa y equipos para actividades al aire libre
Tienda de ropa de calle";;;
Deportes;Wetsuit Outlet ES;2438;4,7;"Tienda de surf
Tienda de canoas y kayaks
Tienda de ropa y equipos para actividades al aire libre
Tienda de navegación a vela
Tienda de vestimenta deportiva
Tienda de windsurf";The Gunnery Drill Shed, Chapel Road, Shoeburyness;Essex;SS3 9SL
Deportes;Mellerware;1017;4,7;"Tienda de electrodomésticos
Tienda de equipos para fitness
Tienda de aspiradoras";;;
Deportes;Escola Catalana de Surf;199;4,7;Escuela de surf;Port Ginesta Local 109, Les Botigues de Sitges;Castelldefels;08860
Deportes;IBKbike.es;158;4,7;"Tienda de bicicletas
Tienda de ropa deportiva
Servicio de alquiler de bicicletas
Tienda de reparación de bicicletas
Tienda de accesorios para bicicletas
Ciclismo en ruta";Polígono Benta-aldea 26;Anoeta;20270
Deportes;EDgun Leshiy Shop;135;4,7;Área para eventos de tiro;;;
Dinero y seguros;Miwuki Seguro Veterinario;334;4,9;"Seguros para animales domésticos
Veterinario/a";;;
Dinero y seguros;vivienda2;162;4,9;"Agencia inmobiliaria
Agencia de alquiler de apartamentos
Abogado especializado en transacciones inmobiliarias
Agentes inmobiliarios
Asesor inmobiliario
Agencia de alquiler de inmuebles";Calle de María de Molina 66;Madrid;28006
Dinero y seguros;SJB Global;156;4,9;Servicio de inversión;SJB Global/BFMI Office 28, Andasol Business Centre, Calle Andasol, Elviria, Marbella, Malaga, Spain ;Marbella;29604
Dinero y seguros;mundocrypto.es;151;4,9;"Centro de formación
Servicios de criptomonedas
Asesor financiero
Asesor fiscal";Avenida Claudio delgado Díaz 5 ;Tenerife ;38639
Dinero y seguros;wecity;103;4,9;"Inversiones inmobiliarias
Servicios financieros alternativos
Departamento de finanzas
Sociedad de inversión
Servicio de inversión
Agencia inmobiliaria";Paseo de la castellana 8;Madrid;28046
Dinero y seguros;Jfpartners;89;4,9;"Servicio de inversión
Centro de formación";Avenida De Manoteras 10;Madrid;28050
Dinero y seguros;Prestalo;89;4,9;Servicio financiero no bancario;Carrer de Tuset, 8;Barcelona;08006
Dinero y seguros;Housell;3880;4,8;"Agencia inmobiliaria
Agentes inmobiliarios
Asesor inmobiliario";;;
Dinero y seguros;Abbeygate Seguros España;2088;4,8;Aseguradora;Ctra Nacional 340, KM148.5;Estepona;29680
Dinero y seguros;Aplazame;1643;4,8;Banco;Calle Tiziano, 5;Madrid;28020
Dinero y seguros;Finizens;1124;4,8;Servicio de inversión;Calle de Sagasta 18, Piso 3;Madrid;28004
Dinero y seguros;Indexa Capital;1095;4,8;"Servicio de inversión
Gestor de activos";Calle Serrano 213, 1º, B1;Madrid;28016
Dinero y seguros;deVere Spain S.L.;355;4,8;Dinero y seguros;Edificio MS208 Parque Miramar, 2nd Floor, Avda Sanz de Tejada s/n, Mijas Costa,;Malaga;29649
Dinero y seguros;Sin Comisiones;69;4,8;Institución financiera;;;
Dinero y seguros;Tramitesargentinosadistancia;61;4,8;"Gestoría
Servicios de documentación";Tulpenweg 8 D;Starnberg;82319
Dinero y seguros;Crealsa;1816;4,7;"Banco
Servicios financieros alternativos
Servicio de cambio de cheques
Oficina de crédito
Institución financiera
Servicio de transferencia de dinero";Carrer de Menorca 19, Planta 7ª (Edificio Aqua);València;46023
Dinero y seguros;Papernest;428;4,7;Dinero y seguros;;;
Dinero y seguros;Eurochange;331;4,7;Servicio de cambio de divisas;;;
Dinero y seguros;Cuéntica;177;4,7;Asesor de impuestos;Paseo Independencia 8, 8ºD;Zaragoza;50004
Dinero y seguros;tuio.com;33;4,7;"Compañía de seguros
Agencia de seguros para el hogar
Seguros personales";Serrano 213;Madrid;28016
Educación y formación;Skyeng;307;4,9;Escuela de inglés;Paseo de la Castellana, 141;Madrid; 28046
Educación y formación;Ferran Font | Order Book Trading SL;237;4,9;"Mentor personal
Centro educativo";SANTO DOMINGO, 3 ESC, 4 7º IZ.;ALICANTE;03004
Educación y formación;Cftsolutions;227;4,9;"Compañía de software
Institución educativa
Ingeniero de nanotecnología";;;
Educación y formación;AutoescuelaApp;211;4,9;Clases;;;
Educación y formación;Mundo Forex;137;4,9;Centro de formación profesional;Av. Claudio Delgado Diaz, 5, Las Chafiras, Santa Cruz de Tenerife;Las Chafiras;38639 
Educación y formación;Formación Universitaria;3731;4,8;Educación y formación;Valparaíso 5;Sevilla;41013
Educación y formación;Typetopia;307;4,8;Educación y formación;;;
Educación y formación;Magistral.com;259;4,8;"Escuela de negocios
Proveedor de servicios educativos y de carrera profesional";Paseo de la Castellana;Madrid;28046
Educación y formación;UXER SCHOOL;164;4,8;Instituto de diseño;C/ Gran vía 4, Planta 4;Madrid;28013
Educación y formación;Expanish - Spanish Language Schools;131;4,8;"Escuela de idiomas
Organización de estudiantes extranjeros de intercambio";Pau Claris 186;Barcelona;08037
Educación y formación;Multiply School;67;4,8;"Escuela de formación profesional
Instituto de capacitación en software";Ronda de Sant Pere, 52  Ático Urquinaona;Barcelona;08010
Educación y formación;Scuola Pizzaioli;48;4,8;"Instituto de formación profesional
Centro de formación profesional
Mercado online
Pizza a domicilio
Pizza para llevar
Restaurante";;;
Educación y formación;ThePowerMBA;2237;4,7;Escuela de negocios;;;
Educación y formación;Librosdetexto.net;214;4,7;Tienda de materiales educativos;Poeta Altet 18  ;Valencia;46020,
Educación y formación;48tracks;154;4,7;Clases;;;
Educación y formación;LiveCareer Español;150;4,7;Servicios de currículum vítae;;;
Educación y formación;CAPACITRAVEL (Grupo Línea Tours) - Equipoturismo.com;112;4,7;"Agencia de turismo
Agencia de pasajes de avión
Agencia de cruceros
Escuela de hostelería y turismo
Instituto de capacitación en software";Paseo de la Castellana, 43;Madrid;28046
Educación y formación;Zartextrading;72;4,7;Escuela de formación;;;
Educación y formación;Metodo Ask-One;29;4,7;Clases;;;
Educación y formación;CVapp.es;1314;4,6;Educación y formación;van Coothplein 39a;Breda;4811 ND
Electrónica y tecnología;Cftsolutions;227;4,9;"Compañía de software
Institución educativa
Ingeniero de nanotecnología";;;
Electrónica y tecnología;Alimaq;102;4,9;"Tienda de suministros para restaurantes
Tienda de electrodomésticos
Tienda de mobiliario para bares y restaurantes
Tienda de artículos para hotel
Tienda de mobiliario para supermercados y comercios";;;
Electrónica y tecnología;xtralife;14.778;4,8;"Tienda de videojuegos
Tienda de ordenadores y accesorios
Tienda de software
Tienda de juegos
Tienda de regalos
Proveedor de software";;;
Electrónica y tecnología;YITH;992;4,8;Compañía de software;Calle Valentin Sanz, 37 - Entresuelo Derecha;Santa Cruz de Tenerife; 38002
Electrónica y tecnología;SiteGround España;324;4,8;Empresa de alojamiento web;Serrano 1, Madrid;Madrid;28001
Electrónica y tecnología;MUCASES;313;4,8;Tienda de accesorios para teléfonos celulares;Avenida de Europa 26, Edificio Ática 5, 2ª Planta;Pozuelo de Alarcón, Madrid;28224
Electrónica y tecnología;Tutiendatecno;295;4,8;Tienda de electrónica;rio valiña;cambre;15660
Electrónica y tecnología;Sered;227;4,8;"Empresa de alojamiento web
Proveedor de servicios de Internet";Rúa do Progreso 177;A Rúa;32350
Electrónica y tecnología;Reestrena2;219;4,8;Tienda de computadoras usadas;C/ Bonavista, 5;Ripollet;08291
Electrónica y tecnología;Expotronica;216;4,8;Tienda de electrónica;Salvador Espriu 89;Barcelona; 08005
Electrónica y tecnología;NAC-Intercom;193;4,8;Proveedor de servicios de telecomunicaciones;c/ Ricardo Mella, 123 - Nave 8, Of. 5-6;Vigo;36330
Electrónica y tecnología;Webempresa;186;4,8;Empresa de alojamiento web;C/ Almagro nº 11;Madrid;28010
Electrónica y tecnología;Accelmovil;140;4,8;"Tienda de celulares
Tienda de accesorios para teléfonos celulares";Avenida de Oporto 24;Madrid;28019
Electrónica y tecnología;Todo Virtual;131;4,8;"Tienda de juegos
Tienda de accesorios para computadoras
Tienda de software
Tienda de informática
Proveedor de software";;Alicante;03007
Electrónica y tecnología;UK TV Router;121;4,8;Proveedor de servicios de telecomunicaciones;C. Miraflor 22A;Denia;03700
Electrónica y tecnología;Andiar.com Vinilos Decorativos;80;4,8;"Diseñador de interiores
Fabricante de alfombras
Tienda de alfombras
Tienda de accesorios para computadoras
Tienda de decoración e interiorismo
Tienda de artículos para el hogar";;;
Electrónica y tecnología;Ms7store;73;4,8;Tienda de informática;;;
Electrónica y tecnología;Runvalli;50;4,8;"Tienda de software
Tienda de ropa
Tienda de accesorios para computadoras
Tienda de videojuegos";;;
Electrónica y tecnología;Amazing Price;49;4,8;Tienda de electrónica;Platino 2. Bloque 6. 5B.;Madrid;28850
Electrónica y tecnología;Mi Electro;16.299;4,7;"Tienda de TV
Tienda de electrodomésticos
Compañía de software";C/Algepser 84;Paterna;46980
Eventos y entretenimiento;Flashbay;9155;4,9;"Tienda de artículos promocionales
Servicio de discos duros y dispositivos de almacenamiento
Tienda de regalos";Flashbay Ltd C/ del Pinar 5;Madrid;28006
Eventos y entretenimiento;Papelería Librería Arte;496;4,9;"Papelería
Librería
Tienda de artesanías
Tienda de juegos
Tienda de hobbies
Tienda de suministros para oficinas";Plaza de las Delicias,15;La Carolina;23200
Eventos y entretenimiento;EDgun Shop;300;4,9;"Tienda de suministros para armas de aire comprimido
Tienda de hobbies
Área para eventos de tiro";;;
Eventos y entretenimiento;Codigosninja;174;4,9;Tienda de videojuegos;;;
Eventos y entretenimiento;Villa del Arte Galleries;106;4,9;Galería de arte;C/ Tapineria 39;Barcelona;08002
Eventos y entretenimiento;xtralife;14.778;4,8;"Tienda de videojuegos
Tienda de ordenadores y accesorios
Tienda de software
Tienda de juegos
Tienda de regalos
Proveedor de software";;;
Eventos y entretenimiento;Freepik;1312;4,8;Eventos y entretenimiento;;Málaga;29015
Eventos y entretenimiento;IllusionBaby;601;4,8;Juguetería;;Móstoles;28934
Eventos y entretenimiento;Invitacionesdiferentes;461;4,8;Servicio de bodas;Calle Ramón y Cajal, 24;Talavera de la Reina;45600
Eventos y entretenimiento;popking;368;4,8;Juguetería;Autovía Ruta de la Plata, KM. 4, 5, 33429 Paredes El Cuetu, Asturias;Lugones;33429 
Eventos y entretenimiento;Casinozer;296;4,8;Casino o apuestas online; ;Willemstad; 
Eventos y entretenimiento;Alldigitales;258;4,8;Proveedor de servicios de juegos;;;
Eventos y entretenimiento;Tutiendadevideojuegos.com;220;4,8;Tienda de videojuegos;c/Jupíter nº28, Beyond Game;TERRASSA;08228
Eventos y entretenimiento;Todo Virtual;131;4,8;"Tienda de juegos
Tienda de accesorios para computadoras
Tienda de software
Tienda de informática
Proveedor de software";;Alicante;03007
Eventos y entretenimiento;Tu Consola Retro;128;4,8;Tienda de videojuegos;C/Escultor Garcia Coronado nº35;Ciudad Real;13005
Eventos y entretenimiento;Manchatoys;107;4,8;"Juguetería
Tienda infantil";;;
Eventos y entretenimiento;Perfilendesuso;59;4,8;Tienda de videojuegos;;;
Eventos y entretenimiento;Runvalli;50;4,8;"Tienda de software
Tienda de ropa
Tienda de accesorios para computadoras
Tienda de videojuegos";;;
Eventos y entretenimiento;Collectorage;46;4,8;"Tienda de artículos coleccionables
Tienda de juguetes para niños
Tienda de regalos
Tienda de intercambio de cartas coleccionables";calle Malcampo 16, 1-2;Madrid;28002
Eventos y entretenimiento;Stakepagos;39;4,8;Tienda de juegos;;;
Hobbies y manualidades;101lanas;606;4,9;Tienda de lanas;Webstore;Denia;03700
Hobbies y manualidades;Papelería Librería Arte;496;4,9;"Papelería
Librería
Tienda de artesanías
Tienda de juegos
Tienda de hobbies
Tienda de suministros para oficinas";Plaza de las Delicias,15;La Carolina;23200
Hobbies y manualidades;Cochecitos RC;449;4,9;Tienda de aeromodelismo;;;
Hobbies y manualidades;EDgun Shop;300;4,9;"Tienda de suministros para armas de aire comprimido
Tienda de hobbies
Área para eventos de tiro";;;
Hobbies y manualidades;Tomapati;192;4,9;Tienda de artículos coleccionables;;;
Hobbies y manualidades;tiendadepinturas.es;189;4,9;Tienda de pinturas;;;
Hobbies y manualidades;Sounds Market;168;4,9;"Tienda de instrumentos musicales usados
Servicio de alquiler de instrumentos musicales
Tienda de instrumentos musicales
Profesor/a de música";C/ Rocafort 241-243;Barcelona;08029
Hobbies y manualidades;Gigislab;136;4,9;"Papelería
Tienda de hobbies
Tienda de scrapbooking";PENYAGOLOSA 7, 3 C;VILA-REAL;12540
Hobbies y manualidades;Art-W Studio;69;4,9;Taller de maquetas;;;
Hobbies y manualidades;Casa Cenina;417;4,8;Mercería;località Cenina, 184/B;Capolona;52010
Hobbies y manualidades;Alex Pastor Kite Club;188;4,8;"Tienda de navegación a vela
Tienda de hobbies";Mar Adriatico 24;Tarifa;11380
Hobbies y manualidades;Deyute;118;4,8;"Mayorista textil
Fabricante de productos textiles
Fabricante
Tejeduría";Pol. Ind. Cachapets, Calle Altea 68;Crevillente;03330
Hobbies y manualidades;Castañuelas del Sur;100;4,8;Fabricante de instrumentos musicales;Calle Ornitorrinco, 10;Sevilla;41019
Hobbies y manualidades;Geosan Battle;82;4,8;Tienda de artículos coleccionables;Calle Ciudad Real, 45;Tomelloso;13700
Hobbies y manualidades;Pettoonies by Irene de Prada;61;4,8;Artista;Cami del fons 2 esc 17;Alicante;03560
Hobbies y manualidades;Odin3d;56;4,8;Escuela de artes y oficios;;;
Hobbies y manualidades;OcCre - Ocio Creativo;56;4,8;"Artesanías
Tienda de hobbies
Taller de maquetas";;;
Hobbies y manualidades;Collectorage;46;4,8;"Tienda de artículos coleccionables
Tienda de juguetes para niños
Tienda de regalos
Tienda de intercambio de cartas coleccionables";calle Malcampo 16, 1-2;Madrid;28002
Hobbies y manualidades;Venus Puzzle;642;4,7;"Tienda de juegos
Tienda de regalos
Tienda de hobbies
Fabricante de juegos y juguetes";Soblahov 480;Soblahov;91338
Hobbies y manualidades;vinopararegalar.com;65;4,7;Tienda de artesanías;;;
Medios de comunicación y editoriales;Diventagiallo;854;4,9;Estudio de retratos;;;
Medios de comunicación y editoriales;Papelería Librería Arte;496;4,9;"Papelería
Librería
Tienda de artesanías
Tienda de juegos
Tienda de hobbies
Tienda de suministros para oficinas";Plaza de las Delicias,15;La Carolina;23200
Medios de comunicación y editoriales;comicspain.com;342;4,8;Tienda de cómics;Ctra de Gandia Nº 41 Bj;Oliva;46780
Medios de comunicación y editoriales;Libreriallerapacios;138;4,8;Librería;C/Miralmonte nº1, Bajo Derecha;San Lorenzo de El Escorial;28200
Medios de comunicación y editoriales;Pickaudioshop;52;4,8;Proveedor de equipos audiovisuales;C/ Jose Miel Barandiaran, 4;Durango;48200
Medios de comunicación y editoriales;Casa del Libro;9882;4,7;Medios de comunicación y editoriales;;;
Medios de comunicación y editoriales;MiCuento®;1671;4,7;"Librería infantil
Editor de libros";Carrer de Pallars, 193;Barcelona;08018
Medios de comunicación y editoriales;Trastobooks;36;4,7;Librería infantil;;;
Medios de comunicación y editoriales;Bitácora de Javier Gutiérrez Chamorro (Guti);36;4,7;"Bloguero
Empresa de medios de comunicación
Relojería";;;
Medios de comunicación y editoriales;Photobox;5376;4,6;Medios de comunicación y editoriales;;;
Medios de comunicación y editoriales;Printerpix;320;4,6;Medios de comunicación y editoriales;;;
Medios de comunicación y editoriales;ImagineBox;36;4,5;Librería;BRETON 1D 3C;Alcalá de Henares;28806
Medios de comunicación y editoriales;Librería Agapea;331;4,4;Medios de comunicación y editoriales;Calle Bodegueros 43;Málaga;29006
Medios de comunicación y editoriales;mi-arte.es;1445;4,3;Servicio de impresión fotográfica;;;
Medios de comunicación y editoriales;Optimalprint;20.547;4,2;Medios de comunicación y editoriales;;;
Medios de comunicación y editoriales;Pixum ES;373;4,2;Servicio de impresión fotográfica;Industriestr. 161;Colonia;50999
Medios de comunicación y editoriales;Poster Store;1507;4,1;Medios de comunicación y editoriales;;;
Medios de comunicación y editoriales;ModelManagement.com;913;3,8;Medios de comunicación y editoriales;;;
Medios de comunicación y editoriales;cvdesign.mobi;111;1,2;Agencia de marketing y medios de comunicación;;;
Medios de comunicación y editoriales;Diventagiallo;854;4,9;Estudio de retratos;;;
Medios de comunicación y editoriales;Papelería Librería Arte;496;4,9;"Papelería
Librería
Tienda de artesanías
Tienda de juegos
Tienda de hobbies
Tienda de suministros para oficinas";Plaza de las Delicias,15;La Carolina;23200
Medios de comunicación y editoriales;You Barcelona;100;4,9;Empresa de relaciones públicas;;;
Medios de comunicación y editoriales;comicspain.com;342;4,8;Tienda de cómics;Ctra de Gandia Nº 41 Bj;Oliva;46780
Medios de comunicación y editoriales;Libreriallerapacios;138;4,8;Librería;C/Miralmonte nº1, Bajo Derecha;San Lorenzo de El Escorial;28200
Medios de comunicación y editoriales;Pickaudioshop;52;4,8;Proveedor de equipos audiovisuales;C/ Jose Miel Barandiaran, 4;Durango;48200
Medios de comunicación y editoriales;París Librería;47;4,8;"Librería
Tienda de juegos
Tienda de regalos";C/La salud, nº11 local;El Molar;28710
Medios de comunicación y editoriales;www.fotos-lienzo.es;46;4,8;"Servicio de impresión fotográfica
Diseñador de interiores";;;
Medios de comunicación y editoriales;Casa del Libro;9882;4,7;Medios de comunicación y editoriales;;;
Medios de comunicación y editoriales;MiCuento®;1671;4,7;"Librería infantil
Editor de libros";Carrer de Pallars, 193;Barcelona;08018
Medios de comunicación y editoriales;Trastobooks;36;4,7;Librería infantil;;;
Medios de comunicación y editoriales;Bitácora de Javier Gutiérrez Chamorro (Guti);36;4,7;"Bloguero
Empresa de medios de comunicación
Relojería";;;
Medios de comunicación y editoriales;losfotorestauradores.com;35;4,7;Servicio fotográfico;;;
Medios de comunicación y editoriales;Photobox;5376;4,6;Medios de comunicación y editoriales;;;
Medios de comunicación y editoriales;Printerpix;320;4,6;Medios de comunicación y editoriales;;;
Medios de comunicación y editoriales;Comprarvisitas;47;4,6;Agencia de medios sociales;;;
Medios de comunicación y editoriales;Fotoempresas Photo Studio SL;31;4,6;"Agencia de fotografía
Fotógrafo publicitario
Fotógrafo
Servicio fotográfico
Estudio de fotografía";Carrer de Lima 9D;Barcelona;08030
Medios de comunicación y editoriales;Manga R18;19;4,6;"Librería
Club de animé
Mayorista de libros
Tienda de hobbies";;;
Medios de comunicación y editoriales;Dävu Novoa;19;4,6;Fotógrafo;;;
Medios de comunicación y editoriales;Pangeanic;17;4,6;Bloguero;;;
Restaurantes y bares;Alimaq;102;4,9;"Tienda de suministros para restaurantes
Tienda de electrodomésticos
Tienda de mobiliario para bares y restaurantes
Tienda de artículos para hotel
Tienda de mobiliario para supermercados y comercios";;;
Restaurantes y bares;Syra Coffee;73;4,8;Café;Carrer Mare de Deu dels Desamparats, 14 ;Barcelona;08012
Restaurantes y bares;Complementos Del Cafe;50;4,8;"Proveedor de equipamiento para tiendas
Bar y restaurante
Cafetería";;;
Restaurantes y bares;Scuola Pizzaioli;48;4,8;"Instituto de formación profesional
Centro de formación profesional
Mercado online
Pizza a domicilio
Pizza para llevar
Restaurante";;;
Restaurantes y bares;Café Gourmet;31;4,6;"Tienda de café
Café
Tostadoras de café
Mayorista de café";;;
Restaurantes y bares;Querido Café;30;4,6;Café;C/ Lealtad 54;Esplugues de Llobregat;08950
Restaurantes y bares;Black Ruzzi;43;4,5;Café;Calle del Cidro, 20;Madrid;28044
Restaurantes y bares;Patty Desayunos Originales;44;4,2;"Servicio de pedidos de comida online
Tienda para bebés
Tienda de regalos
Servicio de bodas";;;
Restaurantes y bares;edensprings.nl;30;3,6;Restaurantes y bares;;;
Restaurantes y bares;Wonderbox España;1913;3,5;Restaurantes y bares;;;
Restaurantes y bares;Alimaq;102;4,9;"Tienda de suministros para restaurantes
Tienda de electrodomésticos
Tienda de mobiliario para bares y restaurantes
Tienda de artículos para hotel
Tienda de mobiliario para supermercados y comercios";;;
Restaurantes y bares;Syra Coffee;73;4,8;Café;Carrer Mare de Deu dels Desamparats, 14 ;Barcelona;08012
Restaurantes y bares;Complementos Del Cafe;50;4,8;"Proveedor de equipamiento para tiendas
Bar y restaurante
Cafetería";;;
Restaurantes y bares;Scuola Pizzaioli;48;4,8;"Instituto de formación profesional
Centro de formación profesional
Mercado online
Pizza a domicilio
Pizza para llevar
Restaurante";;;
Restaurantes y bares;Café Gourmet;31;4,6;"Tienda de café
Café
Tostadoras de café
Mayorista de café";;;
Restaurantes y bares;Querido Café;30;4,6;Café;C/ Lealtad 54;Esplugues de Llobregat;08950
Restaurantes y bares;Black Ruzzi;43;4,5;Café;Calle del Cidro, 20;Madrid;28044
Restaurantes y bares;Restaurante Eiffel;26;4,4;Bar y restaurante;Calle de Seseña 18;Madrid;28024
Restaurantes y bares;Caseroo;11;4,4;"Comida a domicilio
Restaurante de comida casera
Restaurante de alimentos naturales
Restaurante de comidas para llevar
Servicio de pedidos de comida online";c/ Ramón y Cajal 5, Local 25-A;Alcobendas;28100
Restaurantes y bares;Pescaderiaonline;12;4,3;Restaurantes y bares;;;
Restaurantes y bares;Bellver Asesoria Culinaria;9;4,3;Restaurante;;;
Restaurantes y bares;PonteMASfuerte.com;1600;4,2;Restaurantes y bares;Psje. Marie Curie Nº 1-3, Nave 14;Terrassa;08223
Restaurantes y bares;Jamoteca;204;4,2;Restaurantes y bares;Santa Hortensia 41;Madrid;28002
Restaurantes y bares;Patty Desayunos Originales;44;4,2;"Servicio de pedidos de comida online
Tienda para bebés
Tienda de regalos
Servicio de bodas";;;
Restaurantes y bares;Ohceano;6;4,1;"Empresa de importación y exportación
Tienda de suministros para oficinas
Tienda de suministros para restaurantes";C/ Párroco Francisco Rodríguez Rodríguez Número 34, Bajo ;Las Palmas de Gran Canaria;35010
Restaurantes y bares;Hosteleriaclub;3;4;"Tienda de suministros para restaurantes
Mayorista de bolsas de plástico";Avda de las Industrias, 17;La Linea;11300
Restaurantes y bares;Dal Moro's Fresh Pasta To Go - Barcelona;6;3,9;Restaurantes y bares;Carrer de Padilla, 243;Barcelona;08013
Restaurantes y bares;Mariscos Ángel González;3;3,9;Restaurantes y bares;Avenida del Puerto 1;Cádiz;11011
Restaurantes y bares;Oportunista.com;3;3,8;Restaurantes y bares;Calle Isla de la Palma 37;San Sebastián de los Reyes;28703
Restaurantes y bares;veritas.es;1;3,7;Restaurantes y bares;;;
Salud y medicina;Nordic Oil;227;4,9;"Servicio de fitness y nutrición
Herboristería";;;
Salud y medicina;Lentillas Si;2230;4,8;Proveedor de lentes de contacto;C/ Jacint Verdaguer 6 (Local);Cambrils;43850
Salud y medicina;FARMAFY;616;4,8;"Farmacia online
Tienda de cosméticos
Tienda de salud y belleza
Tienda de vitaminas y suplementos";Calle de Claudio Coello 53;Madrid;28001
Salud y medicina;Melio;162;4,8;"Servicio de análisis de sangre
Centro de salud";;;
Salud y medicina;Programa Mia;84;4,8;Psicólogo;Carrer Estruc 9;Barcelona;08002
Salud y medicina;Vision Direct España;35.788;4,7;Proveedor de lentes de contacto;C/ Joan Torró i Cabratosa 3;Girona;17005
Salud y medicina;Qida;47;4,7;"Cuidado de personas mayores
Servicio de cuidado temporal para adultos
Servicios de asistencia médica a domicilio
Ayuda a domicilio
Agencia de servicios de ayuda a domicilio";C/ Doctor Puig 33, 1r-2a;Sabadell;08202
Salud y medicina;Lentiamo.es;4040;4,6;"Proveedor de lentes de contacto
Tienda de gafas de sol";;;
Salud y medicina;Lentes-de-contacto;3691;4,6;Salud y medicina;Carretera Villaverde a Vallecas 3;Madrid;28053
Salud y medicina;GafasWorld;3650;4,6;"Proveedor de lentes de contacto
Centro oftalmológico
Tienda de accesorios de moda
Mayorista de gafas
Óptica
Tienda de gafas de sol";;;
Salud y medicina;Anastore Es;3034;4,6;"Farmacia
Servicio de fitness y nutrición";;;
Salud y medicina;Bassol Optic;2395;4,6;"Mayorista de gafas
Proveedor de lentes de contacto
Tienda de gafas de sol";Carrer del Doctor Dou 19;Barcelona;08001
Salud y medicina;lentillas;1942;4,6;Salud y medicina;;;
Salud y medicina;The Tree CBD;1685;4,6;Herboristería;Av Madrid 145, Entresuelo 3 Derecha;barcelona;08028
Salud y medicina;The Beemine Lab;478;4,6;Farmacia;;;
Salud y medicina;Solocolagenos;366;4,6;"Servicio de fitness y nutrición
Farmacia";;;
Salud y medicina;celorriofarma;121;4,6;"Farmacia online
Herboristería
Farmacia";Avenida de A Coruña 195;Lugo;27003
Salud y medicina;Flower Farm CBD Shop ;98;4,6;"Herboristería
Tienda de cannabis
Tienda de artículos para el cuidado personal";;;
Salud y medicina;Contouroptic;89;4,6;Mayorista de gafas;;;
Salud y medicina;Lovelyfarma;28;4,6;Farmacia online;Plaza Lluís Companys 6;Sant Climent de Llobregat;08849
Servicios;CargaTuCoche;70;4,6;Equipos y soluciones de energía;;Madrid;28001
Servicios;Energy Nordic;32;4,2;Compañía de servicios públicos de electricidad;C/ La Higuera, 6,;Las Lagunas de Mijas;29651
Servicios;Holaluz;173;2,2;Proveedor de energía renovable;Passeig Joan de Borbó 99-101, 4th Floor;Barcelona;08039
Servicios;OVO Energy Spain;164;4,7;Compañía de servicios públicos de electricidad;Av Josep Tarradellas 123;Barcelona;08029
Servicios;Novaluz Energía Pymes;80;4,7;Proveedor de energía renovable;Alameda de Colon nº34 Planta 7;Málaga;29001
Servicios;CargaTuCoche;70;4,6;Equipos y soluciones de energía;;Madrid;28001
Servicios;Okify;19;4,6;"Compañía de software
Proveedor de energía renovable
Agencia de seguros para el hogar
Empresa de mudanzas
Asesor inmobiliario";Gran Vía De Les Corts Catalanes, 613, 08007 Barcelona, España.;Barcelona;08007
Servicios;Tornasol Energy;17;4,5;Empresa de energía solar;;;
Servicios;Wombbat;15;4,4;Proveedor de energía renovable;Plaza Pablo Ruiz Picasso, 1;Madrid;8020
Servicios;Gana Energía;13;4,4;"Proveedor de energía renovable
Proveedor de energía";Calle de Pascual y Genís, 20, planta 5;Valencia;46002
Servicios;Damia Solar;14;4,3;"Empresa de energía solar
Contratista de energía solar
Proveedor de equipos de generación de energía solar
Proveedor de sistemas solares para agua caliente
Planta de energía fotovoltaica solar";Carrer dels Bombers Voluntaris, 7 Nau;La Pobla de Segur;25500
Servicios;Abacus;9;4,3;"Proveedor de sistemas de aire acondicionado
Servicios de la vivienda";Urb. Los Naranjos Country Club 14 ;Marbella;29660
Servicios;Energy Nordic;32;4,2;Compañía de servicios públicos de electricidad;C/ La Higuera, 6,;Las Lagunas de Mijas;29651
Servicios;Chippio;12;4,2;Proveedor de energía;Floridablanca 66, Local 9;Barcelona;08015
Servicios;SATHOGAR®;6;4,2;"Servicio de reparación
Electricista
Gasista
Persona de mantenimiento
Fontanero";;;
Servicios;Social Energy;46;4,1;"Proveedor de energía renovable
Empresa de energía solar";Escritor Francisco Montero Galvache 9;Alcalá de Guadaíra;41500
Servicios;Solutz;5;4,1;Servicios;Principe de viana 3;Madrid;28023
Servicios;Rentger;8;4;"Agencia de alquiler de espacios para oficinas
Consultoría de negocios e informática
Compañía de gestión de base de datos
Servicios de la vivienda
Agencia inmobiliaria industrial
Agencia de alquiler de espacio comercial";Calle Moreno Nieto, 2;Madrid;28005
Servicios;BT Utilities;3;4;Compañía de servicios públicos de electricidad;Nelson Park, Cramlington;Cramlington;NE23 1WE
Servicios;Fundeen;22;3,9;"Servicio de inversión
Servicios financieros alternativos
Empresa de energía solar
Plataforma de colaboración online";Plaza de Santa Teresa, 14, 1º-1;Ávila;05001
Servicios;Sunhero;3;3,8;Empresa de energía solar;C/ Tuset 19, 2-3;Barcelona;08006 
Servicios;Polaroo;2;3,8;Servicios de la vivienda;;;
Servicios;Stark Future;2;3,8;Compañía de servicios públicos de electricidad;Carrer d'antonio Machado 65;Viladecans;08840
Servicios a domicilio;Planetspace;330;4,9;"Instalación de autoalmacenamiento
Instalación de almacenamiento de embarcaciones
Instalación de almacenamiento de archivos
Planta de almacenamiento
Instalación de almacenamiento de botellas de vino";;;
Servicios a domicilio;ARREGLATELO;62;4,7;"Servicio técnico
Tienda de accesorios para teléfonos celulares
Tienda de accesorios de hardware
Tienda de reparación de teléfonos celulares
Servicio de telefonía e Internet
Servicio de reparación";Carrer Vernissa, 15, Bajo;Gandia;46701
Servicios a domicilio;Piscival;55;4,7;"Contratista de piscinas
Servicio de limpieza de piscinas
Servicio de reparación de piscinas";Av. Alacant, 1;Alcasser (Valencia);46220
Servicios a domicilio;Telecajas.com | Cajas de Cartón y Embalajes;227;4,6;"Tienda de embalaje
Tienda de insumos para mudanzas
Tienda de suministros para empaquetado";CELULOSA, 83 -  ESB41915521;SEVILLA;41016
Servicios a domicilio;donpiso;143;4,5;Servicios a domicilio;Avinguda Diagonal 405 bis, 3ª planta;Barcelona;08008
Servicios a domicilio;es.hudsonreed.com;3712;4,4;"Remodelador de baños
Servicio técnico de calefacción y calderas
Diseñador de interiores
Fontanero";;;
Servicios a domicilio;FAIN Ascensores;946;4,4;"Servicio de ascensores
Fabricante de ascensores";Calle doctor esquerdo 57;Madrid;28007
Servicios a domicilio;Zaask;136;4,2;"Mercado online
Servicios de limpieza
Servicio de mudanza y depósito
Remodelador
Diseñador web
Fotógrafo de casamientos";;;
Servicios a domicilio;habitissimo;51;3,9;"Remodelador
Arquitecto
Remodelador de baños
Servicio de limpieza
Remodelador de cocinas
Decorador";Edificio Blue, Parcbit, Carrer Rita Levi, s/n, Palma, Illes Balears;Palma de Mallorca;07120
Servicios a domicilio;Planetspace;330;4,9;"Instalación de autoalmacenamiento
Instalación de almacenamiento de embarcaciones
Instalación de almacenamiento de archivos
Planta de almacenamiento
Instalación de almacenamiento de botellas de vino";;;
Servicios a domicilio;ARREGLATELO;62;4,7;"Servicio técnico
Tienda de accesorios para teléfonos celulares
Tienda de accesorios de hardware
Tienda de reparación de teléfonos celulares
Servicio de telefonía e Internet
Servicio de reparación";Carrer Vernissa, 15, Bajo;Gandia;46701
Servicios a domicilio;Piscival;55;4,7;"Contratista de piscinas
Servicio de limpieza de piscinas
Servicio de reparación de piscinas";Av. Alacant, 1;Alcasser (Valencia);46220
Servicios a domicilio;Mudanzas Recio;31;4,7;"Servicio de mudanza y depósito
Empresa de mudanzas
Tienda de insumos para mudanzas";calle Santa Catalina, 13;Majadahonda;28220
Servicios a domicilio;Sofanet;30;4,7;Servicios de limpieza;catalunya,52;barcelona;08392
Servicios a domicilio;Kato;24;4,7;"Pintor
Diseñador gráfico
Diseñador de interiores";;Sevilla;41950
Servicios a domicilio;Telecajas.com | Cajas de Cartón y Embalajes;227;4,6;"Tienda de embalaje
Tienda de insumos para mudanzas
Tienda de suministros para empaquetado";CELULOSA, 83 -  ESB41915521;SEVILLA;41016
Servicios a domicilio;ferreteriacasado.es;19;4,6;"Ferretería
Tienda de artículos para el hogar
Proveedor de cerraduras";Perez Galdos nº59 bajo;logroño;26005
Servicios a domicilio;Okify;19;4,6;"Compañía de software
Proveedor de energía renovable
Agencia de seguros para el hogar
Empresa de mudanzas
Asesor inmobiliario";Gran Vía De Les Corts Catalanes, 613, 08007 Barcelona, España.;Barcelona;08007
Servicios a domicilio;donpiso;143;4,5;Servicios a domicilio;Avinguda Diagonal 405 bis, 3ª planta;Barcelona;08008
Servicios a domicilio;Sirena System Europe;28;4,5;"Tienda de electrodomésticos
Servicio de limpieza de alfombras
Tienda de artículos para el hogar
Mayorista de artículos de higiene
Servicio de saneamiento
Tienda de aspiradoras";Calle Juan de la Cierva, 27 Ed. 4 1H;Elche, Alacant;03203
Servicios a domicilio;es.hudsonreed.com;3712;4,4;"Remodelador de baños
Servicio técnico de calefacción y calderas
Diseñador de interiores
Fontanero";;;
Servicios a domicilio;FAIN Ascensores;946;4,4;"Servicio de ascensores
Fabricante de ascensores";Calle doctor esquerdo 57;Madrid;28007
Servicios a domicilio;Beeping;13;4,4;"Servicio de limpieza
Personal de limpieza
Servicio de limpieza comercial
Servicios de limpieza doméstica
Servicio de limpieza de casas";;;
Servicios a domicilio;Espiando.es;10;4,4;"Proveedor de sistemas de seguridad
Proveedor de equipos de seguridad";Apartado de correos 1;Ponteareas;36860
Servicios a domicilio;Footballtickettrade;14;4,3;Servicios a domicilio;;;
Servicios a domicilio;Zaask;136;4,2;"Mercado online
Servicios de limpieza
Servicio de mudanza y depósito
Remodelador
Diseñador web
Fotógrafo de casamientos";;;
Servicios a domicilio;Technique Interiors ES;6;4,2;"Pintor
Contratista de instalaciones interiores";28 Pueblo Arabesque;Nueva Andalucia;29660
Servicios a domicilio;SATHOGAR®;6;4,2;"Servicio de reparación
Electricista
Gasista
Persona de mantenimiento
Fontanero";;;
Servicios a domicilio;SEMOGAS instalaciones;5;4,1;"Servicio de instalación de gas
Proveedor de calderas
Tienda de gas y artículos relacionados
Contratista de calefacción
Servicio técnico de calefacción y calderas
Fontanero";Beraun Kalea, 7 Bajo;Errenteria;20100
Servicios empresariales;Flashbay;9155;4,9;"Tienda de artículos promocionales
Servicio de discos duros y dispositivos de almacenamiento
Tienda de regalos";Flashbay Ltd C/ del Pinar 5;Madrid;28006
Servicios empresariales;Papelería Librería Arte;496;4,9;"Papelería
Librería
Tienda de artesanías
Tienda de juegos
Tienda de hobbies
Tienda de suministros para oficinas";Plaza de las Delicias,15;La Carolina;23200
Servicios empresariales;InterSello.com;460;4,9;Tienda de suministros de oficina;;;
Servicios empresariales;JMG Virtual Consulting;126;4,9;"Consultoría de negocios e informática
Centro de formación";Calle de Méndez Álvaro 56;Madrid;28045
Servicios empresariales;Payflow;111;4,9;Servicio de nóminas;;;
Servicios empresariales;BLAINE Box;371;4,8;"Decorador
Envío de flores
Diseñador floral";Ronda del Guinardó, 209;Barcelona;08041
Servicios empresariales;Hempire Gardens;187;4,8;"Tienda de cannabis
Herbolario
Tienda de hierbas
Mayorista";;;
Servicios empresariales;Ratingtrustcorporation;73;4,8;Agencia de marketing online;;;
Servicios empresariales;Complementos Del Cafe;50;4,8;"Proveedor de equipamiento para tiendas
Bar y restaurante
Cafetería";;;
Servicios empresariales;Ana Ríos - tumejorentrevista.com;45;4,8;Asesoría de recursos humanos;;;
Servicios empresariales;Paisdelossobres;1044;4,7;Tienda de suministros para empaquetado;Beverwaardseweg 101;Rotterdam;3077GK
Servicios empresariales;La Incubadora Despegue;400;4,7;Agencia de marketing online;;;
Servicios empresariales;Kalamazoo;364;4,7;"Tienda de suministros de oficina
Tienda de mobiliario para oficinas";Apdo. 3;Galdácano;48960 Galdácano (VIZCAYA)
Servicios empresariales;Easypromos;278;4,7;Agencia de marketing online;C/ Bonastruc de Porta 20, 5th floor;Girona;17001
Servicios empresariales;Clicktrans España;224;4,7;Servicio de mensajería;;;
Servicios empresariales;StickerApp;127;4,7;Servicios empresariales;Poppelgatan 21;Lomma;23435
Servicios empresariales;Imprenta online;125;4,7;Servicios empresariales;Paseo isabel la Católica 6;Zaragoza;50009
Servicios empresariales;Mundo Petit;86;4,7;Mayorista;;;
Servicios empresariales;Tropical Server;77;4,7;Computación en la nube;Avenida Loaysa 33;Huetor Vega, Granada;18198
Servicios empresariales;El Búho Nocturno;62;4,7;"Tienda de ropa para hombres
Tienda de ropa
Proveedor de ropa
Mayorista de ropa
Tienda de ropa interior
Tienda de vestimenta clásica";C/ Vicente Guillén Zamorano 19, naves 2 y 3;Galapagar;28260
Servicios jurídicos y gubernamentales;Deudafix;867;4,9;"Servicio de mediación
Abogado especializado en concursos y quiebras
Estudio de abogados
Proveedor de servicios de asistencia jurídica";Avenida de Bruselas, 13;Alcobendas;28108
Servicios jurídicos y gubernamentales;vivienda2;162;4,9;"Agencia inmobiliaria
Agencia de alquiler de apartamentos
Abogado especializado en transacciones inmobiliarias
Agentes inmobiliarios
Asesor inmobiliario
Agencia de alquiler de inmuebles";Calle de María de Molina 66;Madrid;28006
Servicios jurídicos y gubernamentales;wecity;103;4,9;"Inversiones inmobiliarias
Servicios financieros alternativos
Departamento de finanzas
Sociedad de inversión
Servicio de inversión
Agencia inmobiliaria";Paseo de la castellana 8;Madrid;28046
Servicios jurídicos y gubernamentales;Soluciona Mi Deuda;222;4,8;Servicios legales;Calle Serrano Anguita 13;Madrid;28004
Servicios jurídicos y gubernamentales;LegalSuma Abogados;203;4,8;Servicios legales;Plaza Mayor Ciudad Pegaso nº 10;Madrid;CP/28022
Servicios jurídicos y gubernamentales;DonRecuperador;135;4,8;Servicios legales;Veinte de Febrero Nº 5 Ent Izda;Valladolid ;47001
Servicios jurídicos y gubernamentales;Vrio;115;4,7;Área de descanso en ruta con peaje;Camino del Panderón, 2. ;Molina de Segura (Murcia);30500
Servicios jurídicos y gubernamentales;reclamaciondevuelos.com;448;4,6;"Buscador de vuelos
Abogado
Servicios legales";C/ Uribitarte 18 - 1º Piso;Bilbao;48001
Servicios jurídicos y gubernamentales;Calculatuindemnizacion;168;4,6;Abogado de lesiones personales;;;
Servicios jurídicos y gubernamentales;Reclama Por Mí;150;4,6;Abogado;C/ Uribitarte 18 - 1º piso;Bilbao;48001
Servicios jurídicos y gubernamentales;Compensador;90;4,6;Oficina de reclamaciones;;;
Servicios jurídicos y gubernamentales;reclamador.es;4878;4,5;"Abogado
Servicios legales";;;
Servicios jurídicos y gubernamentales;JustAnswer, www.justanswer.es;3326;4,5;Servicios jurídicos y gubernamentales;;;
Servicios jurídicos y gubernamentales;RECLAMACIONPORVUELO;201;4,5;Oficina de reclamaciones;c/ francisco rover 1 oficina.;palma de mallorca;07003
Servicios jurídicos y gubernamentales;Flightright;634;4,4;Servicios legales;;;
Servicios jurídicos y gubernamentales;Quita Deudas;101;4;"Asesor jurídico
Abogado especializado en concursos y quiebras";Calle Ancha, número 80, local 14-15;Sanlúcar de Barrameda;11540
Servicios jurídicos y gubernamentales;Deudafix;867;4,9;"Servicio de mediación
Abogado especializado en concursos y quiebras
Estudio de abogados
Proveedor de servicios de asistencia jurídica";Avenida de Bruselas, 13;Alcobendas;28108
Servicios jurídicos y gubernamentales;vivienda2;162;4,9;"Agencia inmobiliaria
Agencia de alquiler de apartamentos
Abogado especializado en transacciones inmobiliarias
Agentes inmobiliarios
Asesor inmobiliario
Agencia de alquiler de inmuebles";Calle de María de Molina 66;Madrid;28006
Servicios jurídicos y gubernamentales;wecity;103;4,9;"Inversiones inmobiliarias
Servicios financieros alternativos
Departamento de finanzas
Sociedad de inversión
Servicio de inversión
Agencia inmobiliaria";Paseo de la castellana 8;Madrid;28046
Servicios jurídicos y gubernamentales;Soluciona Mi Deuda;222;4,8;Servicios legales;Calle Serrano Anguita 13;Madrid;28004
Servicios jurídicos y gubernamentales;LegalSuma Abogados;203;4,8;Servicios legales;Plaza Mayor Ciudad Pegaso nº 10;Madrid;CP/28022
Servicios jurídicos y gubernamentales;DonRecuperador;135;4,8;Servicios legales;Veinte de Febrero Nº 5 Ent Izda;Valladolid ;47001
Servicios jurídicos y gubernamentales;Asesority;86;4,8;"Abogado
Servicios legales";Tarragona 8 oficina 3;Vigo;36211
Servicios jurídicos y gubernamentales;Foxes;83;4,8;Estudio de abogados;Calle JAEN Nº 4 2º D;San pedro de alcanatara;29670
Servicios jurídicos y gubernamentales;CLF International Lawyers;38;4,8;Abogado especializado en derecho inmobiliario;C/ Cap negret, 53;Altea;03590
Servicios jurídicos y gubernamentales;Vrio;115;4,7;Área de descanso en ruta con peaje;Camino del Panderón, 2. ;Molina de Segura (Murcia);30500
Servicios jurídicos y gubernamentales;accionlegal.es;41;4,7;Abogado;;;
Servicios jurídicos y gubernamentales;Repara tu deuda abogados;31;4,7;"Servicio para casos de insolvencia
Estudio de abogados";Av. Francesc Macià 60, plantas 20, 21 y 22;Sabadell;08208
Servicios jurídicos y gubernamentales;reclamaciondevuelos.com;448;4,6;"Buscador de vuelos
Abogado
Servicios legales";C/ Uribitarte 18 - 1º Piso;Bilbao;48001
Servicios jurídicos y gubernamentales;Calculatuindemnizacion;168;4,6;Abogado de lesiones personales;;;
Servicios jurídicos y gubernamentales;Reclama Por Mí;150;4,6;Abogado;C/ Uribitarte 18 - 1º piso;Bilbao;48001
Servicios jurídicos y gubernamentales;Compensador;90;4,6;Oficina de reclamaciones;;;
Servicios jurídicos y gubernamentales;Mi Examen de Inglés;74;4,6;"Escuela de inglés
Institución educativa
Profesor/a de inglés
Escuela de idiomas extranjeros
Escuela de idiomas
Departamento de licencias";;;
Servicios jurídicos y gubernamentales;SMARTSELL;54;4,6;"Agencia inmobiliaria industrial
Abogado especializado en transacciones inmobiliarias";Carrer de València, 353;barcelona;08009
Servicios jurídicos y gubernamentales;Garamago;24;4,6;"Abogado
Abogado administrativo
Abogado de derecho civil
Abogado especializado en divorcios
Abogado de derecho de familia
Abogado especializado en derecho inmobiliario";calle Génova 21;Madrid;28004
Servicios jurídicos y gubernamentales;LegalSuma Abogados www.tunacionalidad.es;22;4,6;Abogado especialista en derecho de extranjería;Calle Lenguas nº 6, Local 3b Exterior;MADRID;28021
Servicios públicos y locales;mundocrypto.es;151;4,9;"Centro de formación
Servicios de criptomonedas
Asesor financiero
Asesor fiscal";Avenida Claudio delgado Díaz 5 ;Tenerife ;38639
Servicios públicos y locales;JMG Virtual Consulting;126;4,9;"Consultoría de negocios e informática
Centro de formación";Calle de Méndez Álvaro 56;Madrid;28045
Servicios públicos y locales;Jfpartners;89;4,9;"Servicio de inversión
Centro de formación";Avenida De Manoteras 10;Madrid;28050
Servicios públicos y locales;Tramitesargentinosadistancia;61;4,8;"Gestoría
Servicios de documentación";Tulpenweg 8 D;Starnberg;82319
Servicios públicos y locales;Qida;47;4,7;"Cuidado de personas mayores
Servicio de cuidado temporal para adultos
Servicios de asistencia médica a domicilio
Ayuda a domicilio
Agencia de servicios de ayuda a domicilio";C/ Doctor Puig 33, 1r-2a;Sabadell;08202
Servicios públicos y locales;Calle Crypto;29;4,7;"Servicios de criptomonedas
Servicios financieros alternativos
Agencia para el desarrollo económico
Club social
Centro de formación";Avenida de Manoteras, 10, A 203;Madrid;28050
Servicios públicos y locales;RF AECO COMPETENCE CENTER;84;4,6;"Centro de formación
Diseño arquitectónico";Castillo de Aroche, 2, planta -1;Sevilla;41013
Servicios públicos y locales;Antonio Jesús Ruiz;33;4,6;"Centro de formación
Consultor informático";;;
Servicios públicos y locales;Esneca Business School;108;4,3;"Centro de formación
Escuela de negocios
Centro de educación a distancia";Calle Comtessa Elvira, 13, Altillo 2 ;Lleida;25008
Servicios públicos y locales;Sitly;100;3,8;Cuidador/a de niños;;;
Servicios públicos y locales;Spaincitysales;228;3,4;Asociación u organización;;;
Servicios públicos y locales;mundocrypto.es;151;4,9;"Centro de formación
Servicios de criptomonedas
Asesor financiero
Asesor fiscal";Avenida Claudio delgado Díaz 5 ;Tenerife ;38639
Servicios públicos y locales;JMG Virtual Consulting;126;4,9;"Consultoría de negocios e informática
Centro de formación";Calle de Méndez Álvaro 56;Madrid;28045
Servicios públicos y locales;Jfpartners;89;4,9;"Servicio de inversión
Centro de formación";Avenida De Manoteras 10;Madrid;28050
Servicios públicos y locales;Tramitesargentinosadistancia;61;4,8;"Gestoría
Servicios de documentación";Tulpenweg 8 D;Starnberg;82319
Servicios públicos y locales;Styde.net;53;4,8;Centro de entrenamiento;7 Bell Yard;London;WC2A 2JR
Servicios públicos y locales;Zotrix Shop;48;4,7;Organización no gubernamental;;;
Servicios públicos y locales;Qida;47;4,7;"Cuidado de personas mayores
Servicio de cuidado temporal para adultos
Servicios de asistencia médica a domicilio
Ayuda a domicilio
Agencia de servicios de ayuda a domicilio";C/ Doctor Puig 33, 1r-2a;Sabadell;08202
Servicios públicos y locales;donquijobs.com;31;4,7;"Mercado online
Servicio de búsqueda de empleo
Agencia de empleo temporal
Diseñador web";;sant cugat del valles;08172
Servicios públicos y locales;Calle Crypto;29;4,7;"Servicios de criptomonedas
Servicios financieros alternativos
Agencia para el desarrollo económico
Club social
Centro de formación";Avenida de Manoteras, 10, A 203;Madrid;28050
Servicios públicos y locales;MDTAcademy;28;4,7;Centro de formación;Eduard Toda 19-21;Reus;43204
Servicios públicos y locales;RF AECO COMPETENCE CENTER;84;4,6;"Centro de formación
Diseño arquitectónico";Castillo de Aroche, 2, planta -1;Sevilla;41013
Servicios públicos y locales;Antonio Jesús Ruiz;33;4,6;"Centro de formación
Consultor informático";;;
Servicios públicos y locales;Cuas Formación Veterinaria;20;4,5;"Centro de formación
Centro de educación a distancia
Escuela de enfermería
Veterinario/a";;;
Servicios públicos y locales;Isakov Cbt;19;4,5;"Servicio de orientación laboral
Escuela para adultos
Proveedor de servicios educativos y de carrera profesional
Orientador profesional
Reclutador
Servicios de reclutamiento";;;
Servicios públicos y locales;Ocean Homes Spain ;17;4,5;"Agentes inmobiliarios
Servicio de recolección de residuos
Alquiler de apartamentos vacacionales";;;
Servicios públicos y locales;Gransliving;15;4,5;"Residencia de ancianos
Servicio de cuidado temporal para adultos
Ayuda a domicilio
Cuidado de personas mayores";Paseo Imperial 14;madrid;28914
Servicios públicos y locales;Widpal;15;4,5;Asociaciones para profesionales y aficionados;;;
Servicios públicos y locales;Elrevenuemanagement;15;4,5;Centro de formación;Calle Entrepeñas 76 6C;Madrid;28051
Servicios públicos y locales;Carval Formación;486;4,4;Centro de formación;Calle Campo de la iglesia 5;Malaga;29790
Servicios públicos y locales;CAZATEST;35;4,4;Genealogista;Carretera Almadén, sn;Sevilla;41230
Vehículos y transporte;Vamos.es;1087;4,9;"Servicio de arrendamiento de automóviles
Agencia de alquiler de automóviles
Servicio de leasing";Calle Villalar, 7, bajo;Madrid;28001
Vehículos y transporte;Mountainbikeshop;398;4,9;Tienda de accesorios para bicicletas;Calle Isabel Colbrand 6;Madrid;28050
Vehículos y transporte;Planetspace;330;4,9;"Instalación de autoalmacenamiento
Instalación de almacenamiento de embarcaciones
Instalación de almacenamiento de archivos
Planta de almacenamiento
Instalación de almacenamiento de botellas de vino";;;
Vehículos y transporte;Taxi Aeropuerto Madrid;322;4,9;Servicio de taxis;Avenida de la Hispanidad s/n;Madrid;28042
Vehículos y transporte;MuchoCoche (Valladolid);319;4,9;Tienda de repuestos para automóviles;Eusebio González Suárez, 4 8ºC;Valladolid;47014
Vehículos y transporte;Asgrecambios;85;4,9;Tienda de accesorios para camiones;;;
Vehículos y transporte;Desguace Alarcón - Alarcón Autoparts;805;4,8;"Tienda de repuestos de automóviles usados
Tienda de repuestos para automóviles
Tienda de neumáticos
Tienda de neumáticos usados";Carril los serranos, s/n;Zarandona - Murcia;30007
Vehículos y transporte;Sanferbike;637;4,8;"Tienda de bicicletas
Tienda de accesorios para bicicletas";Calle Lozano 2;Madrid;28053
Vehículos y transporte;Xrcbike;267;4,8;"Tienda de bicicletas
Tienda de equipos para fitness
Ciclismo en ruta";C/ Peinado, 42 local 1;Málaga;29014
Vehículos y transporte;Alquicoche;175;4,8;Agencia de alquiler de automóviles;Avenida del Cid, 30;Valencia;46018
Vehículos y transporte;Tiendamotomax;137;4,8;Tienda de equipamiento y accesorios para motos;Av. Manuel LLaneza 65;Gijón ;33208
Vehículos y transporte;ANILLOSO;124;4,8;Tienda de accesorios para automóviles;Hornosušská 6B;Havířov;735 64
Vehículos y transporte;Rentalk50;94;4,8;Agencia de alquiler de automóviles;Av.Falset, 142;REUS;43206
Vehículos y transporte;Auto Vilardell;85;4,8;Tienda de motocicletas;Carrer de Balmes 25;Barcelona;08007
Vehículos y transporte;Auriga;54;4,8;Club de automovilismo;Avenida de Manoteras, 24;Madrid;280590
Vehículos y transporte;www.cicar.com/es;48.888;4,7;Agencia de alquiler de automóviles;Avda. Mamerto Cabrera Medina, s/n;San Bartolomé - Lanzarote;35509
Vehículos y transporte;Wiber Rent a Car;17.092;4,7;Agencia de alquiler de automóviles;;;
Vehículos y transporte;www.cabreramedina.com/ES;10.947;4,7;Agencia de alquiler de automóviles;Avda. Mamerto Cabrera Medina, s/n;Lanzarote;35509
Vehículos y transporte;Pure Electric;675;4,7;Tienda de reparación de bicicletas;New Farm Offices;Glastonbury;BA6 9AB
Vehículos y transporte;Autohero España;355;4,7;"Concesionario de automóviles usados
Concesionario de autos
Concesionario de vehículos de motor";Crta. Fuencarral a Hortaleza n.89 D;Madrid;28050
Viajes y vacaciones;Arenatours;218;4,9;Agencia de viajes;Paseo de la Castellana 259C;Madrid;28046
Viajes y vacaciones;Alimaq;102;4,9;"Tienda de suministros para restaurantes
Tienda de electrodomésticos
Tienda de mobiliario para bares y restaurantes
Tienda de artículos para hotel
Tienda de mobiliario para supermercados y comercios";;;
Viajes y vacaciones;Transitours;64;4,9;Agencia de viajes;Calle de Méndez Álvaro, 20. ;Madrid;28045
Viajes y vacaciones;Esquiades.com;1014;4,8;Agencia de viajes;Avenida Bellissens, núm. 42, Edificio Tecnoparc. Despachos 127-129;Reus;43204
Viajes y vacaciones;SoloCruceros.com;423;4,8;Agencia de cruceros;Enrique Granados 32;Barcelona;08008
Viajes y vacaciones;Bookaris.com;204;4,8;Agencia de viajes;;Alicante;03005
Viajes y vacaciones;Vacation Marbella;158;4,8;Alquiler de apartamentos vacacionales;Av. de Julio Iglesias, 103, 29660 Marbella, Málaga;Marbella;29660
Viajes y vacaciones;DMA Yachting;99;4,8;Agencia de viajes;Prevere Joan Sastre 6, Bajo C;Palma de Mallorca ;07015
Viajes y vacaciones;Evaneos;188;4,7;Viajes y vacaciones;;;
Viajes y vacaciones;Dayuse.es;179;4,7;"Love Hotel
Hotel de aeropuerto
Hotel de negocios
Hotel balneario";5 Calle de Rochechouart ;Paris;75011
Viajes y vacaciones;CAPACITRAVEL (Grupo Línea Tours) - Equipoturismo.com;112;4,7;"Agencia de turismo
Agencia de pasajes de avión
Agencia de cruceros
Escuela de hostelería y turismo
Instituto de capacitación en software";Paseo de la Castellana, 43;Madrid;28046
Viajes y vacaciones;Chollovacaciones.com;98;4,7;Agencia de viajes;;;
Viajes y vacaciones;Es Triptenerife;70;4,7;Operador de excursiones;Tourist Information Point, Avenida Siam, 3 Centro Comercial Siam Mall;Costa Adeje;38670
Viajes y vacaciones;Planyts;42;4,7;Agencia de viajes;Avenida Mayorazgo 21 Málaga;Málaga;29016
Viajes y vacaciones;Línea Tours El Campello;34;4,7;Agencia de viajes;;El Campello;03560
Viajes y vacaciones;Kasinde;33;4,7;Agencia de viajes;Avenida de Moratalaz 195;Madrid;28030
Viajes y vacaciones;Spathios;27;4,7;"Servicio de alquiler de locales para conferencias y reuniones
Agencia de alquiler de apartamentos
Alquiler de apartamentos vacacionales
Agencia de alquiler de apartamentos de corto plazo
Servicio de alquiler de tiendas"; Carrer de la Llacuna, 162;Barcelona;08018 
Viajes y vacaciones;Civitatis;33.335;4,6;Agencia de excursiones;Coloreros, 2;Madrid;28013
Viajes y vacaciones;La Cubana Conecta;1083;4,6;Agencia de viajes;Paseo Santa Coloma 41 bajos local;Barcelona.;08030. 
Viajes y vacaciones;reclamaciondevuelos.com;448;4,6;"Buscador de vuelos
Abogado
Servicios legales";C/ Uribitarte 18 - 1º Piso;Bilbao;48001
